"ID", "NOMBRE", "EMAIL", "DIRECCION", "TELEFONO", "COMENTARIO", "LOCALIDAD", "PROVINCIA", "DNI_TUTOR", "CURSO"
"1", "EqADkD fNe", "dfDeC Yud", "aZrvYqDk W", "ImDXn ISsL", "voTSP hwYP", "CCq cpBtYx", "RFdZC vftk", "nL R qjXA", "VEXIx ollQ"
"2", "k lIEEq LT", "KgOIDBgCG", "qq RtGMh", "U coFFIfX", "KHNKiNWRgn", "lbwLcIvaCv", "PMWtBbrSjd", "odbpVdMi D", "km fvcCqhE"
"3", "wrbTuwHhNf", "zRhmQtZidY", "y lQ AygTl", "SI uBtIhk", "M oHJj Xhs", "UIclOOwuA", "c YdJYppID", "gZqf AykRG", "TJ k BjHOU"
"4", "qRq lWGA u", "NkJlnZTPt", "QER n GCRc", "vkkabSoI q", "ipLoDSxKdc", "dsOiueisjo", "iaDlNxrzaH", "KEiSijznj", "KqWiSAnAy"
"5", "xWNACcsv f", "AP Rv zJiR", "ahNdxKYFfo", "CQeH mtfM", "nx MuivkR", "DHY BomkGS", "VIFZqO jLP", "TbOxECGYrw", "VZViuOoZWt"
"6", "jindCjXtFk", "Fij nJkHRE", "fek xMiwM", "Hfog bZqJQ", "VylebD LA", "HpWsGfLtEe", "ttazsuVyOf", "fbvLoKRpFl", "Ez UjGGDa"
"7", "mkgVUJJTc", "mHwXzFfDks", "GwOyZ AlZ", "VtvDDA DGm", "JK LZ VJ k", "bdb eQcpSG", "yiGFvpWOhi", "VEf JNqj", "HHPe BLsC"
"8", "VuJIYJDEKf", "JlbQnadFiE", "LKqfnDd OQ", "lLTLSeWZdz", "NjxL y FZa", "JPbiSba K", "zW sLHBd B", "gAmcj Tzo", "Pk kktCOIg"
"9", "mkvaCOVadn", "dPYvuRMnC", "rk J qQS", "LLRCnvFVhN", "gnNzBASc e", "mWUV oYpdG", "uy CAC pwn", "bKSkaWbjpd", "bo ZQFqmpG"
"10", "XkCvfdfjg", "vbQxGCvpnr", "w nYIBbBLL", "s iiLLmGkA", "DhmbDADrvm", "b TTHcnIcR", "fvSByXlaYL", "DLPUpDDIeA", "fLcIpVIg"
